8f5abc77-df54-46a9-850d-c8d1620292d1,Aaron,Hank,,,,,,,,,,,,
1ae4486a-71b3-4a5b-833c-9f39dce31a6d,Alba,Jessica,,,,,,,,,,,,
8596669b-6463-4d99-be1e-ef7941f1ddf1,Anthony,Susan,,,,,,,,,,,,
b0012521-806f-4300-ae3a-d63cc654783d,Austen,Jane,,,,,,,,,,,,
6082406d-e28d-434e-839d-75dbc35ed77a,Bacon,Francis,,,,,,,,,,,,
7b309184-85ae-4a98-bd3d-4cdf7a81eded,Barton,Joey,,,,,,,,,,,,
945f6628-7375-481c-9e35-18fae96cb710,Beckett,Samuel,,,,,,,,,,,,
84bcf013-1e51-4a97-88e1-a105ea05b4c0,Bishop,Linda,18/12/87,,,,,,,,,,,
c9d5a310-a6b3-4f4a-975f-cd335fa9cfc1,Bishop,Lindsey,,,,,,,,,,,,
7b5a916a-695b-466d-a8d5-64243a103576,Bowen,Elizabeth,,,,,,,,,,,,
eb293cff-7055-4b8e-ba23-7c95e6d483fb,Bronte,Emily,,,,,,,,,,,,
90adff7e-b12c-41a7-965b-f49297215e35,Bush,George,,,,,,,,,,,,
9cec4313-cf86-447b-820e-a792280693ad,Cameron,Kirk,,,,,,,,,,,,
8f17c6c3-095c-4be0-8cd6-8f609269aa5d,Christie,Agatha,,,,,,,,,,,,
60720a0b-201a-4f23-95df-98f130f5c228,Clark,Wesley,,,,,,,,,,,,
ac53ec53-dffe-48cd-8bbb-e5010ee353fc,Cole,Andrew,,,,,,,,,,,,
8350a4d0-6a89-4aec-9d46-d896d327d963,Cooper,Matt,15/10/68,male,12-1 Meadow Gardens,2202378,,,,,,,,
2abafda7-7d62-49d4-8a2e-9464577a0875,Darwin,Charles,,,,,,,,,,,,
7f459188-6fbe-4a4d-ae0a-835964dac027,Dickinson,Emily,,,,,,,,,,,,
3be547f3-13f7-49c8-bb24-5045182a44f7,Dylan,Bob,,,,,,,,,,,,
b0844429-5933-4431-b320-215cdc508d85,Einstein,Albert,,,,,,,,,,,,
3d91f473-2935-45ac-95ec-708621e1d7af,Feynman,Richard,,,,,,,,,,,,
84cb6b91-c242-43eb-9798-fbc8272b099f,Garland,Judy,,,,,,,,,,,,
2e168545-aa94-41cd-8562-4f084bdc3e3a,Golding,William,,,,,,,,,,,,
738357bc-a5a0-4352-a1ba-eeba3d4096d8,Graham,Lindsey,,,,,,,,,,,,
450c3f83-113b-444e-a6ce-253c29b0bd18,Hathaway,Anne,,,,,,,,,,,,
e1502de2-cad0-400f-8483-e45f3d3573ad,Hirsch,Mary,,,,,,,,,,,,
de52eef0-969a-4356-bda7-f4de529ab3e6,Hofstadter,Douglas,,,,,,,,,,,,
08b4e698-eb27-4215-9a1f-2f47656c8344,Iacocca,Lee,,,,,,,,,,,,
d3fb18f9-4928-4f99-8df2-d26217783945,James,David,,,,,,,,,,,,
e776af7c-a349-4870-bdb6-c447bc340691,Jobs,Steve,,,,,,,,,,,,
b45188f2-327b-49ff-a440-b012aa067c3c,Jones,Sue,,female,105 Holmes Lane,1909320987,,,,,,,,
b9b4e0cf-884b-4314-bc56-7b7fe02f1885,Judd,Ashley,,,,,,,,,,,,
c61b38e2-0c26-4817-a8e2-f46c3e998980,Keller,Helen,,,,,,,,,,,,
2b72900e-dd7a-4eab-8b13-0abca2eb1f9a,Kruk,John,,,,,,,,,,,,
d486447a-ecd6-45b9-b9ce-0fc4e53524af,Laitman,Michael,,,,,,,,,,,,
d2ea08dc-9407-4e17-919f-75e509e96837,Lees,Sandy,25/07/67,female,12 West Street,7442345112,,,,,,,,
f621f25a-0e5a-46d3-afe4-8eb63fb1326b,Lennon,John,,,,,,,,,,,,
05c76cad-b2a3-4ba6-8543-8be633ca58bf,Lovelace,Richard,,,,,,,,,,,,
e370b8af-ce0d-491c-bb76-52d8c5ab9b69,Marshall,Thomas,,,,,,,,,,,,
68bd1bd9-32f7-4b30-b923-b087b0d8f409,Mitchell,Joni,,,,,,,,,,,,
6a486131-9717-402e-b21d-c90705f42d83,Monheit,Jane,,,,,,,,,,,,
5b7adc17-1d3f-4ffb-8519-5a48192cea26,Newton,Isaac,,,,,,,,,,,,
4541f597-8b8f-4e2b-999c-51319c9348c3,Orwell,George,,,,,,,,,,,,
e1026cf7-c9d4-4ffe-b055-a9300a310b04,Parkin,Simon,30/05/80,,Flat 102 Mountain View,,,,,,,,,
7ba4258a-6865-4e6d-bd81-e38ea0281c64,Paterson,Isabel,,,,,,,,,,,,
c06a61cd-e38b-4e52-9545-bedeac635e18,Powell,Martha,,,,,,,,,,,,
996ac739-5480-4c06-b22e-4abe45a1e1b6,Raskin,Nancy,,,,,,,,,,,,
28522dbb-8afd-4e90-959b-c99021a4ca81,Robinson,Jackie,,,,,,,,,,,,
d1449e77-3ef3-4ccb-a18b-8e64b455076a,Rudner,Rita,,,,,,,,,,,,
6d19a816-082e-46f9-8249-cb966db65b38,Sagan,Carl,,,,,,,,,,,,
db2533be-5991-49e3-8886-82326144374c,Smith,Anne,02/11/83,female,130 Westside Drive,1142752205,,,,,,,,
89b81e29-c0e0-4c44-b846-3eedc7fdf3b3,Snow,Carrie,,,,,,,,,,,,
b9001cdb-4316-4980-91c8-cd90fcadc360,Stone,Lucy,,,,,,,,,,,,
7aeeae44-92b0-499b-85c4-bbd6c75781e0,Tesla,Nikola,,,,,,,,,,,,
9a62cc78-c325-461a-8ea4-9fedd4a78c58,Twain,Mark,,,,,,,,,,,,
f53d7633-e9c4-491d-a81b-4f6921522b27,Updike,John,,,,,,,,,,,,
d7d3f0b4-cbef-41e8-9cfc-896bf564951b,Vixie,Paul,,,,,,,,,,,,
2c0a5bd6-78c2-463f-9f8d-a09bfb4aae38,Watson,Jane,15/08/95,,,,,,,,,,,
89ff4719-d83c-4d5e-9a72-07748126f6ef,Wesley,George,23/02/51,male,23A Manchester Road,1142684659,,,,,,,,
72f31370-31a2-4467-ba3d-cbed044bf2e8,West,Mae,,,,,,,,,,,,
77e69082-ab7b-4ec6-8d65-5b65e50d0f0c,Wilde,Oscar,,,,,,,,,,,,
f8f9ef93-38dc-4b17-b670-428d66fae821,Wishington,Martha,,,,,,,,,,,,
57b194b5-02ea-4c87-a86c-2d4b42000a5f,Wright-Phillips,Bradley,19/07/61,,,,,,,,,,,
22efa158-2d7d-45cf-a9fb-3ced07874b4e,Wright-Phillips,Laura,,,,,,,,,,,,
15ea929d-e8c4-4ead-bd61-33785554a9d0,Young,Cy,,,,,,,,,,,,
f28ede2c-15e7-4e4f-af3a-89cd4b7f3c07,Zappa,Frank,,,,,,,,,,,,
bc78096c-2f59-46fe-87ad-89d5a84d6073,tang,1,1992-12-12,male,,123,,,0,,,family,monthly,bc78096c-2f59-46fe-87ad-89d5a84d6073
6ef96df8-0db3-4259-a111-2947047e9994,123,,1992-12-12,male,,,,,0,,,family,monthly,6ef96df8-0db3-4259-a111-2947047e9994
f7c6b8ad-9a05-420a-a102-57c3bfad49fa,tang,2,1992-12-12,male,,,,,27,,2021-01-22,personal,monthly,
44ad07a3-3a2e-42ae-8c51-f74d11811b12,tang,3,1992-12-12,male,,,,,27,,2021-01-22,family,monthly,44ad07a3-3a2e-42ae-8c51-f74d11811b12
d84a3ceb-f8a1-4cc0-a3c2-958944716ddd,tang,4,1992-12-12,male,,,,,27,,2021-01-22,family,monthly,44ad07a3-3a2e-42ae-8c51-f74d11811b12
d8b134f7-eaae-4bae-bc7e-058641478a06,123123,123,1992-12-12,male,,192,,,0,,,personal,monthly,
512de6df-5960-4f2c-96eb-accadcfd8f0b,123123,123,1992-12-12,male,,192,,,0,,,personal,monthly,
57afc7e6-40c1-44fc-8c82-27cb05cb7f4a,tang,5,1992-12-12,male,,,,,27,,2021-03-22,personal,monthly,
e6d0d0f8-60ef-4a54-82bb-aa93c6a8ff7d,tang`,6,1992-12-12,male,,,,,27,,2021-03-22,personal,monthly,
1271d6c1-a613-4e19-937a-1d6558654e46,tang`,7,1992-12-12,male,,,,,27,,2021-03-22,family,monthly,1271d6c1-a613-4e19-937a-1d6558654e46
6a78a593-0c7f-4067-a217-ac5fe330fe65,tang`,8,1992-12-12,male,,,,,27,,2021-03-22,family,monthly,6a78a593-0c7f-4067-a217-ac5fe330fe65
54e8684f-236a-4afa-a9e0-13f907af88bb,tang 9,,1991-12-12,male,,,,,28,,2021-03-22,family,monthly,6a78a593-0c7f-4067-a217-ac5fe330fe65
a56bfe55-d245-48bb-8121-974815051dff,41,,1992-12-12,male,,,,,27,,2021-03-22,family,monthly,a56bfe55-d245-48bb-8121-974815051dff
9b404592-9f77-4842-a1f8-45ec03bfb01e,43,,1992-12-12,male,,,,,27,,2021-03-22,visitor,monthly,
5a0aa054-cc71-4948-8c53-067e5f7929eb,51,,1992-12-12,male,,,,,27,,2021-03-22,family,monthly,5a0aa054-cc71-4948-8c53-067e5f7929eb
2d5eefa0-26f9-4089-a48b-ad167a4d5a4b,52,,1992-12-12,male,,,,,27,,2021-03-22,family,monthly,5a0aa054-cc71-4948-8c53-067e5f7929eb
8c7acf37-fdbf-4c70-9e20-c7c17ecfeefb,53,,1992-12-12,male,,,,,27,,2021-03-22,personal,monthly,
b82b3a8b-9d18-4b57-a63c-75afdca4eb85,tang,xx,1992-12-12,male,,,,,27,,10,visitor,monthly,
